code;designation;caracteristique;categorie;unite;prix
AEROX051;SV-AEROX155 PT-CHAINE;200;Chaînes;Pièce;2500
AEROX062;SV-AEROX155 POULIE;6;Autres;Pièce;20000
BCP20104;YX-CD110-PT-PION(14T);200;Dents de taille et de petite taille;Pièce;200
BDG0001;YX-CG125-AXE DE VITESS 5T ;50;Arbre de vitesse, levier de levier de vitesses;Soutien;800
BDG0002;YX-CG150-AXE DE VITESS;50;Arbre de vitesse, levier de levier de vitesses;Soutien;692
BDG0005;YX-ALOBA-LEVIER VITESSE;100;Arbre de vitesse, levier de levier de vitesses;Soutien;600
BDG0008;YX-GN125-LEVIER VITESSE;100;Arbre de vitesse, levier de levier de vitesses;Soutien;500
BDG0010;YX-AP150-LEVIER-VITESSE-1-ECROU ;100;Arbre de vitesse, levier de levier de vitesses;Soutien;700
BDG0019;YX-CG125-AXE LEVIER VITESSE 4 ;50;Arbre de vitesse, levier de levier de vitesses;Soutien;750
